nappi_code,generic_name,brand_name,ingredients
3005441,Abevmy concentrate for solution for infusion vial 20ml,Abevmy concentrate for solution for infusion vial 20ml,400mg/16mL INF
3005442,Abevmy concentrate for solution for infusion vial 6ml,Abevmy concentrate for solution for infusion vial 6ml,100mg/4mL INF
3001455,Abipip,Abipip,10mg TAB
3001456,Abipip,Abipip,15mg TAB
3001454,Abipip,Abipip,5mg TAB
712504,Abitrexate,Abitrexate,"2,5mg TAB"
782556,Abitrexate vial 20ml,Abitrexate vial 20ml,25mg/1mL INJ
3006934,Abizista,Abizista,500mg TAB
3006933,Abizista,Abizista,250mg TAB
3004308,Accoran concentrate for sol for inf vial 10ml,Accoran concentrate for sol for inf vial 10ml,60mg/10mL INF
3005236,Acenten 20/12.5,Acenten 20/12.5,TAB
873551,Acitop,Acitop,0.05 CRE
709787,Aclasta bottle 100ml,Aclasta bottle 100ml,5mg/100mL INF
3000426,Acriptega,Acriptega,TAB
3004032,Actamasin,Actamasin,25mg TAB
792101,Actamol red (boxed),Actamol red (boxed),120mg/5mL SYR
704093,Actamol red (un-boxed),Actamol red (un-boxed),120mg/5mL SYR
881112,Activelle,Activelle,TAB
708722,Aculax,Aculax,"3,3g/5mL SYR"
793124,Adalat xl,Adalat xl,30mg SRT
3000747,Amoxyclav,Adco amoxyclav,375mg TAB
715997,Emtevir 200mg/300mg,Adco emtevir 200mg/300mg,TAB
824674,Acyclovir,Adco-acyclovir,CRE
703914,Bisocor,Adco-bisocor,10mg TAB
703913,Bisocor,Adco-bisocor,5mg TAB
783064,Contromet,Adco-contromet,5mg/5mL SYR
715875,Contromet,Adco-contromet,10mg TAB
819417,Dapamax,Adco-dapamax,"2,5mg TAB"
806218,Flupain,Adco-flupain,SYR
740551,Mayogel,Adco-mayogel,SUS
745707,Napacod 500mg/10mg,Adco-napacod 500mg/10mg,TAB
745723,Napamol Bucket,Adco-napamol bucket,500mg TAB
791768,Prodium,Adco-prodium,2mg TAB
757403,Prolief,Adco-prolief,500mg TAB
704668,Roznal,Adco-roznal,30mg CAP
809055,Salterpyn,Adco-salterpyn,TAB
702769,Talomil,Adco-talomil,20mg TAB
703063,Wormex,Adco-wormex,100mg TAB
862053,Zetomax,Adco-zetomax,10mg TAB
862061,Zetomax,Adco-zetomax,20mg TAB
862045,Zetomax,Adco-zetomax,5mg TAB
839183,Zildem Sr,Adco-zildem sr,180mg SRC
839191,Zildem Sr,Adco-zildem sr,240mg SRC
3006754,Aeromide 300 dose,Aeromide 300 dose,200mcg INH
3005956,Aglatan 2.5ml,Aglatan 2.5ml,OPD
3006589,Agobrim 5ml,Agobrim 5ml,"0,2% OPD"
875112,Agrylin,Agrylin,"0,5mg CAP"
3008261,Airathon,Airathon,10mg TAB
3008259,Airathon,Airathon,4mg CHU
3008260,Airathon,Airathon,5mg CHU
701491,Akineton,Akineton,2mg TAB
701742,Alcophyllex,Alcophyllex,SYR
701750,Alcophyllin,Alcophyllin,"26,67mg/5mL SYR"
701793,Aldactone,Aldactone,25mg TAB
3005147,Alebon,Alebon,10mg TAB
3005148,Alebon,Alebon,15mg TAB
3005146,Alebon,Alebon,5mg TAB
825352,A-lennon hyoscine butylbromide 1ml (was Q-med hyoscine 1ml),A-lennon hyoscine butylbromide 1ml (was Q-med hyoscine 1ml),20mg/1mL INJ
717049,Alepet ampoule 2ml,Alepet ampoule 2ml,4mg/2mL INJ
717050,Alepet ampoule 4ml,Alepet ampoule 4ml,8mg/4mL INJ
702145,Allergex,Allergex,2mg/5mL SYR
874922,Allergex 15ml,Allergex 15ml,OPD
704444,Allmox,Allmox,500mg CAP
704443,Allmox,Allmox,250mg CAP
714179,Allmox s,Allmox s,125mg/5mL SUS
714180,Allmox sf,Allmox sf,250mg/5mL SUS
3005271,Alonza,Alonza,10mg TAB
3005270,Alonza,Alonza,5mg TAB
709410,Alphagan purite 5ml,Alphagan purite 5ml,"1,5mg/1mL OPD"
703640,Alumag d,Alumag d,SUS
715433,Aluvia 100mg/25mg,Aluvia 100mg/25mg,TAB
710028,Aluvia 200mg/50mg,Aluvia 200mg/50mg,TAB
3005127,Amderip,Amderip,10mg TAB
3005128,Amderip,Amderip,25mg TAB
701891,Amdocin,Amdocin,25mg CAP
3006380,Amlessa 4mg/10mg,Amlessa 4mg/10mg,TAB
3006379,Amlessa 4mg/5mg,Amlessa 4mg/5mg,TAB
3006382,Amlessa 8mg/10mg,Amlessa 8mg/10mg,TAB
3006381,Amlessa 8mg/5mg,Amlessa 8mg/5mg,TAB
703917,Amloc,Amloc,10mg TAB
703916,Amloc,Amloc,5mg TAB
708051,Amlodac,Amlodac,10mg TAB
708050,Amlodac,Amlodac,5mg TAB
707186,Amoclan S,Amoclan S,"156,25mg/5m SLUS"
707187,Amoclan SF,Amoclan SF,"312,5mg/5mL SUS"
704401,Amoxicap,Amoxicap,250mg CAP
713972,Amtas,Amtas,10mg TAB
713971,Amtas,Amtas,5mg TAB
714182,Amyn s,Amyn s,125mg/5mL SUS
714183,Amyn sf,Amyn sf,250mg/5mL SUS
3004533,Anabrex,Anabrex,100mg CAP
3004534,Anabrex,Anabrex,200mg CAP
715866,Anaerobyl,Anaerobyl,400mg TAB
703389,Anaerobyl,Anaerobyl,200mg TAB
716495,Annin,Annin,100mg TAB
716494,Annin,Annin,50mg TAB
3007076,Annin co 100/25mg,Annin co 100/25mg,TAB
3007075,Annin co 50/12.5mg,Annin co 50/12.5mg,TAB
805467,Antalgic,Antalgic,500mg TAB
826375,Anusol,Anusol,OIN
797553,Apen,Apen,500mg CAP
829250,Apen s,Apen s,250mg SUS
706039,Apidra cartridges 3ml,Apidra cartridges 3ml,100iu/1mL INJ
3005136,Apimex 500 powder concentrate for solution vial,Apimex 500 powder concentrate for solution vial,500mg INF
714311,Aprate,Aprate,10mg TAB
714310,Aprate,Aprate,5mg TAB
3005658,(1 X 125mg Cap & 2 X 80mg Cap),Aprepitant combipack cipla (1 x 125mg cap & 2 x 80mg cap),KIT
3002935,Aprizon,Aprizon,10mg TAB
3002936,Aprizon,Aprizon,15mg TAB
3002934,Aprizon,Aprizon,5mg TAB
714019,Aranesp prefilled syringe 0.3ml,Aranesp prefilled syringe 0.3ml,"30mcg/0,3mL INJ"
714020,Aranesp prefilled syringe 0.3ml,Aranesp prefilled syringe 0.3ml,"60mcg/0,3mL INJ"
714017,Aranesp prefilled syringe 0.4ml,Aranesp prefilled syringe 0.4ml,"10mcg/0,4mL INJ"
715971,Aranesp prefilled syringe 0.4ml,Aranesp prefilled syringe 0.4ml,"40mcg/0,4mL INJ"
714018,Aranesp prefilled syringe 0.5ml,Aranesp prefilled syringe 0.5ml,"20mcg/0,5mL INJ"
715973,Aranesp prefilled syringe 0.5ml,Aranesp prefilled syringe 0.5ml,"50mcg/0,5mL INJ"
3005664,Arenta,Arenta,80mg CAP
3005665,Arenta,Arenta,125mg CAP
3005666,Arenta combi pack (1 x 125mg cap & 2 x 80mg cap),Arenta combi pack (1 x 125mg cap & 2 x 80mg cap),KIT
723962,Arizofy,Arizofy,10mg TAB
723963,Arizofy,Arizofy,15mg TAB
723961,Arizofy,Arizofy,5mg TAB
3005298,Arlozyb 10/160,Arlozyb 10/160,TAB
3005297,Arlozyb 5/160,Arlozyb 5/160,TAB
3007386,Arlozyb co 10/160/12.5mg,Arlozyb co 10/160/12.5mg,TAB
3007387,Arlozyb co 10/160/25mg,Arlozyb co 10/160/25mg,TAB
3007384,Arlozyb co 5/160/12.5mg,Arlozyb co 5/160/12.5mg,TAB
3007385,Arlozyb co 5/160/25mg,Arlozyb co 5/160/25mg,TAB
3003598,Aroquet,Aroquet,100mg TAB
3003600,Aroquet,Aroquet,200mg TAB
3003597,Aroquet,Aroquet,25mg TAB
3003601,Aroquet,Aroquet,300mg TAB
704741,Arthrexin,Arthrexin,100mg SUP
783668,Asacol,Asacol,400mg TAB
824135,Asacol,Asacol,500mg SUP
709076,Asacol,Asacol,800mg TAB
708121,Aspavor,Aspavor,10mg TAB
708122,Aspavor,Aspavor,20mg TAB
710912,Aspavor,Aspavor,40mg TAB
714552,Aspelone,Aspelone,15mg/5mL LIQ
3005881,Astelair,Astelair,10mg TAB
3005111,Astelair,Astelair,4mg CHU
3005112,Astelair,Astelair,5mg CHU
823538,Astrapain forte,Astrapain forte,TAB
720971,Atana 2.5ml,Atana 2.5ml,50mcg/1mL OPD
706543,Atrovent HFA 200dose,Atrovent HFA 200dose,20mcg INH
3005306,Aubamide,Aubamide,14mg TAB
713382,Auro-amoxiclav,Auro-amoxiclav,625mg TAB
713381,Auro-amoxiclav,Auro-amoxiclav,375mg TAB
713358,Auro-amoxiclav,Auro-amoxiclav,"156,25mg/5m SLUS"
722938,Co-amoxiclav Bd Sf,Austell co-amoxiclav bd sf,457mg/5mL SUS
707408,Co-amoxiclav,Austell-co-amoxiclav,625mg TAB
707407,Co-amoxiclav,Austell-co-amoxiclav,375mg TAB
3005262,Aviolix,Aviolix,75mg TAB
701252,Azamun,Azamun,50mg TAB
717260,Azarga 5ml,Azarga 5ml,OPD
711769,Azilect,Azilect,1mg TAB
3000849,Azimax forte,Azimax forte,500mg TAB
715934,Azrotrin (was zimol),Azrotrin (was zimol),500mg TAB
3006391,Baximo powder for concentrate for sol for infusion vial,Baximo powder for concentrate for sol for infusion vial,100mg INF
3006390,Baximo powder for concentrate for sol for infusion vial,Baximo powder for concentrate for sol for infusion vial,25mg INF
704651,B-block,B-block,100mg TAB
704653,B-block,B-block,50mg TAB
828289,B-cal,B-cal,CHU
819638,Beclate 200dose,Beclate 200dose,100mcg INH
820083,Beclate 200dose,Beclate 200dose,200mcg INH
819611,Beclate 200dose,Beclate 200dose,50mcg INH
820709,Beclate aquanase 150dose,Beclate aquanase 150dose,50mcg AQS
3004196,Beclomethasone glenmark 200 dose,Beclomethasone glenmark 200 dose,100mcg INH
3004197,Beclomethasone glenmark 200 dose,Beclomethasone glenmark 200 dose,200mcg INH
3004189,Beclomethasone glenmark 200 dose,Beclomethasone glenmark 200 dose,50mcg INH
3005618,Belanex,Belanex,25mg CAP
788708,Bemetrazole,Bemetrazole,400mg TAB
821705,Bemetrazole,Bemetrazole,200mg TAB
3007040,Bendahet powder for concentrate for solution for inf vial,Bendahet powder for concentrate for solution for inf vial,100mg INF
3007039,Bendahet powder for concentrate for solution for inf vial,Bendahet powder for concentrate for solution for inf vial,25mg INF
716778,Beniprosin sr,Beniprosin sr,"0,4mg SRC"
3000842,Bertred lyophilised powder for injection vial,Bertred lyophilised powder for injection vial,"3,5mg INJ"
810967,Be-tabs folic acid,Be-tabs folic acid,5mg TAB
787833,Betacin,Betacin,25mg CAP
853003,Betafed,Betafed,SYR
700474,Betaferon pre-filled syringe 1ml,Betaferon pre-filled syringe 1ml,9600000u/1m ILNJ
788155,Betamox,Betamox,250mg CAP
829358,Betamox s,Betamox s,125mg/5mL SUS
708062,Betapam,Betapam,5mg TAB
708151,Betaphlem,Betaphlem,250mg/5mL SYR
787426,Betaprofen,Betaprofen,200mg TAB
701975,Betaprofen fc,Betaprofen fc,400mg TAB
713942,Beta-vira,Beta-vira,0.05 CRE
3005459,Bevamyl concentration for solution for infusion 20ml vial,Bevamyl concentration for solution for infusion 20ml vial,400mg/16mL INF
3005458,Bevamyl concentration for solution for infusion 6ml vial,Bevamyl concentration for solution for infusion 6ml vial,100mg/4mL INF
779644,Bezalip retard,Bezalip retard,400mg SRT
712506,Bicalox,Bicalox,50mg TAB
709172,Bigsens,Bigsens,1000mg TAB
708281,Bigsens,Bigsens,500mg TAB
708282,Bigsens,Bigsens,850mg TAB
3006404,Biloblok,Biloblok,10mg TAB
3006403,Biloblok,Biloblok,5mg TAB
704373,Bilocor,Bilocor,10mg TAB
704372,Bilocor,Bilocor,5mg TAB
3007452,Bilura,Bilura,150mg TAB
3007451,Bilura,Bilura,100mg TAB
716124,Bindoclav,Bindoclav,375mg TAB
865532,Bio-amoksiklav,Bio-amoksiklav,375mg TAB
865540,Bio-amoksiklav s,Bio-amoksiklav s,"156,25mg/5m SLUS"
807834,Biocort (stx),Biocort (stx),CRE
719155,Bislo,Bislo,10mg TAB
719154,Bislo,Bislo,5mg TAB
3002656,Blitzima concentrate for solution for infusion vial 10ml,Blitzima concentrate for solution for infusion vial 10ml,100mg/10mL INF
3002657,Blitzima concentrate for solution for infusion vial 50ml,Blitzima concentrate for solution for infusion vial 50ml,500mg/50mL INF
3004803,Bortiv powder for solution for injection vial,Bortiv powder for solution for injection vial,"3,5mg INJ"
708290,Bren,Bren,400mg TAB
3005245,Brimoct co 2mg/5mg per ml 5ml,Brimoct co 2mg/5mg per ml 5ml,OPD
710520,Bronchette,Bronchette,250mg/5mL SYR
897462,Budeflam hfa 300dose,Budeflam hfa 300dose,100mcg INH
897469,Budeflam hfa 300dose,Budeflam hfa 300dose,200mcg INH
3004231,Conc For Sol For Inf Vial 10ml,Busulfan fresenius conc for sol for inf vial 10ml,6mg/1mL INF
3003213,Concentrate For Solution Vial,Cabazitaxel adco concentrate for solution vial,"60mg/1,5mL INF"
3000147,Cabitas vial 3ml RTU,Cabitas vial 3ml RTU,20mg/1mL INF
3006997,Cabxel concentrate for solution 15ml vial,Cabxel concentrate for solution 15ml vial,"60mg/1,5mL INF"
867411,Caelyx vial 10ml,Caelyx vial 10ml,20mg/10mL INJ
715602,Calamine lotion - darol medi-rite,Calamine lotion - darol medi-rite,LOT
705561,Calamine lotion bp,Calamine lotion bp,LOT
3005259,Calmadep dr,Calmadep dr,30mg SRC
3005260,Calmadep dr,Calmadep dr,60mg SRC
715721,Caloxa,Caloxa,50mg TAB
3003568,Calsar 10mg/160mg,Calsar 10mg/160mg,TAB
3003567,Calsar 5mg/160mg,Calsar 5mg/160mg,TAB
3003566,Calsar 5mg/80mg,Calsar 5mg/80mg,TAB
712078,Camcolit,Camcolit,250mg TAB
712086,Camcolit,Camcolit,400mg TAB
701100,Candacide,Candacide,100000u/1mL SUS
824011,Canex topical,Canex topical,0.01 CRE
831913,Canex vag,Canex vag,0.01 VCR
835056,Canstat oral,Canstat oral,SUS
3001286,Capeloda,Capeloda,500mg TAB
3001285,Capeloda,Capeloda,150mg TAB
722784,Capexa,Capexa,500mg TAB
722783,Capexa,Capexa,150mg TAB
3006805,Captero,Captero,500mg TAB
3006804,Captero,Captero,150mg TAB
3004239,Conc For Sol For Inf Vial 15ml,Carboplatin fresenius conc for sol for inf vial 15ml,150mg/15mL INF
3004240,Conc For Sol For Inf Vial 45ml,Carboplatin fresenius conc for sol for inf vial 45ml,450mg/45mL INF
3004242,Conc For Sol For Inf Vial 60ml,Carboplatin fresenius conc for sol for inf vial 60ml,600mg/60mL INF
3005946,Carbuce,Carbuce,1000mg TAB
3002168,Carbuce,Carbuce,500mg TAB
3002167,Carbuce,Carbuce,850mg TAB
700168,Carloc,Carloc,"12,5mg TAB"
897117,Carloc,Carloc,25mg TAB
705459,Carloc,Carloc,"6,25mg TAB"
3003053,Caxeta,Caxeta,500mg TAB
3003052,Caxeta,Caxeta,150mg TAB
862452,Celebrex,Celebrex,200mg CAP
3006395,Celexii,Celexii,100mg CAP
3006396,Celexii,Celexii,200mg CAP
3004887,Cerbigem 1 powder for solution for infusion vial,Cerbigem 1 powder for solution for infusion vial,1g INF
3004890,Cerbigem 200 powder for solution for infusion vial,Cerbigem 200 powder for solution for infusion vial,200mg INF
713759,Chlorcol 3.5g,Chlorcol 3.5g,0.01 EYO
713872,Chlornicol 3.5g,Chlornicol 3.5g,0.01 EYO
817201,Chlorphen 3.5g,Chlorphen 3.5g,0.01 EYO
715708,Choleste,Choleste,10mg TAB
714705,Choleste,Choleste,20mg TAB
714706,Choleste,Choleste,40mg TAB
892147,Cifran 500,Cifran 500,500mg TAB
854255,Cimlok,Cimlok,400mg TAB
854247,Cimlok,Cimlok,200mg TAB
864153,Cipalat retard,Cipalat retard,20mg TAB
723283,Cipalat xr,Cipalat xr,30mg SRT
723284,Cipalat xr,Cipalat xr,60mg SRT
707300,Duovir,Cipla-duovir,TAB
717095,Ciplasyl plus 4mg/1.25mg,Ciplasyl plus 4mg/1.25mg,TAB
708152,Ciplavasc,Ciplavasc,10mg TAB
708150,Ciplavasc,Ciplavasc,5mg TAB
703045,Ciprogen,Ciprogen,500mg TAB
703043,Ciprogen,Ciprogen,250mg TAB
720381,Cisacor 10ml vial,Cisacor 10ml vial,1mg/1mL INF
720382,Cisacor 50ml vial,Cisacor 50ml vial,1mg/1mL INF
842524,Clamentin s,Clamentin s,"156,25mg/5m SLUS"
716628,Claren granules,Claren granules,250mg/5mL SUS
716627,Claren granules,Claren granules,125mg/5mL SUS
706758,Clarihexal 125 P,Clarihexal 125 P,125mg/5mL SUS
706759,Clarihexal 250 P,Clarihexal 250 P,250mg/5mL SUS
712969,Clicks calamine,Clicks calamine,LOT
849960,Clindahexal,Clindahexal,150mg CAP
878421,Clomaderm,Clomaderm,CRE
721545,Clonam,Clonam,"0,5mg TAB"
721546,Clonam,Clonam,2mg TAB
789798,Clopixol,Clopixol,10mg TAB
796751,Clopixol,Clopixol,2mg TAB
714852,Clopixol depot,Clopixol depot,200mg INJ
3003631,Clovexa,Clovexa,75mg TAB
809640,Cloxin,Cloxin,500mg CAP
809632,Cloxin,Cloxin,250mg CAP
722712,Co-atana 2.5ml,Co-atana 2.5ml,OPD
787043,Codorol,Codorol,TAB
779814,Co-flem,Co-flem,250mg/5mL SYR
719662,Cogesic,Cogesic,TAB
3006418,Colcin,Colcin,"0,5mg TAB"
709863,Combigan 2mg/5mg 5ml,Combigan 2mg/5mg 5ml,OPD
3000159,Co-normoten 100mg/25mg,Co-normoten 100mg/25mg,TAB
3000158,Co-normoten 50mg/12.5mg,Co-normoten 50mg/12.5mg,TAB
781541,Convulex,Convulex,250mg/5mL SYR
715980,Convulex,Convulex,150mg CAP
715999,Convulex,Convulex,300mg CAP
3005255,Copaxone pre-filled pen 1ml,Copaxone pre-filled pen 1ml,40mg/1mL INJ
708286,Copaxone pre-filled syringe 1ml,Copaxone pre-filled syringe 1ml,20mg/1mL INJ
3006399,Coprin,Coprin,100mg ECT
711596,Cosmofer ampoule 2ml,Cosmofer ampoule 2ml,50mg/1mL INJ
3005324,Cosyrel 10mg/10mg,Cosyrel 10mg/10mg,TAB
3005323,Cosyrel 10mg/5mg,Cosyrel 10mg/5mg,TAB
3005322,Cosyrel 5mg/10mg,Cosyrel 5mg/10mg,TAB
3005321,Cosyrel 5mg/5mg,Cosyrel 5mg/5mg,TAB
3003962,Co-telza 40mg/12.5mg,Co-telza 40mg/12.5mg,TAB
3003963,Co-telza 80mg/12.5mg,Co-telza 80mg/12.5mg,TAB
809322,Covamet,Covamet,50mg TAB
716693,Covocort,Covocort,10mg TAB
899066,Coxflam,Coxflam,"7,5mg TAB"
716731,Cozole,Cozole,TAB
705832,Curam bd,Curam bd,457mg/5mL SUS
716944,Cyclidox,Cyclidox,100mg CAP
3004487,Cyretib,Cyretib,100mg CAP
3004541,Cyretib,Cyretib,200mg CAP
717169,Cysticide,Cysticide,500mg TAB
3004005,Concentrate For Sol For Inf Vial 1ml,Cytarabine fresenius concentrate for sol for inf vial 1ml,100mg/1mL INJ
3004006,Concentrate For Sol For Inf Vial 5 Ml,Cytarabine fresenius concentrate for sol for inf vial 5 ml,500mg/5mL INJ
715322,Cytigem powder for reconstitution 10ml vial,Cytigem powder for reconstitution 10ml vial,200mg INJ
715323,Cytigem powder for reconstitution 50ml vial,Cytigem powder for reconstitution 50ml vial,1g INJ
3004874,Dafiro 10/160mg,Dafiro 10/160mg,TAB
3003390,Dafiro 5/160mg,Dafiro 5/160mg,TAB
3006122,Daglif,Daglif,10mg TAB
3001418,Dalimune,Dalimune,50mg TAB
3008056,Dapiflo,Dapiflo,10mg TAB
3006543,Daptica,Daptica,10mg TAB
833045,Daptril,Daptril,"2,5mg TAB"
837555,Ddavp nasal spray 5ml,Ddavp nasal spray 5ml,"0,1mg/1mL NSS"
835536,Decofed,Decofed,TAB
835544,Decofed,Decofed,SYR
857769,Defulide,Defulide,40mg TAB
712493,Degranol,Degranol,200mg TAB
3004841,Deotin,Deotin,30mg SRC
3004894,Deotin,Deotin,60mg SRC
704328,Depramil,Depramil,20mg TAB
3001254,Dezzolip,Dezzolip,10mg TAB
3001255,Dezzolip,Dezzolip,20mg TAB
3001256,Dezzolip,Dezzolip,40mg TAB
719382,Df 118,Df 118,30mg TAB
719786,Diaphage,Diaphage,1000mg TAB
719784,Diaphage,Diaphage,500mg TAB
719785,Diaphage,Diaphage,850mg TAB
3006007,Diaran mr,Diaran mr,60mg SRT
702725,Dicyclomine co gel,Dicyclomine co gel,SUS
720577,Aspirin,Disprin,300mg EFT
3002829,Divudine 120/60,Divudine 120/60,DSP
723381,Concentrate For Solution 1ml Vial,Docetaxel accord concentrate for solution 1ml vial,20mg/1mL INF
723387,Concentrate For Solution 4ml Vial,Docetaxel accord concentrate for solution 4ml vial,80mg/4mL INF
3004004,Concentrate For Sol For Inf Vial 1ml,Docetaxel fresenius concentrate for sol for inf vial 1ml,20mg/1mL INF
3004003,Concentrate For Sol For Inf Vial 4ml,Docetaxel fresenius concentrate for sol for inf vial 4ml,80mg/4mL INF
894842,Doctrim,Doctrim,SUS
720377,Dolin,Dolin,10mg TAB
720378,Dolin,Dolin,20mg TAB
704044,Dolotram,Dolotram,100mg INJ
705379,Dolotram,Dolotram,50mg CAP
705175,Domadol,Domadol,50mg CAP
716051,Dopaquel,Dopaquel,100mg TAB
716052,Dopaquel,Dopaquel,200mg TAB
716050,Dopaquel,Dopaquel,25mg TAB
716053,Dopaquel,Dopaquel,300mg TAB
721174,Doval,Doval,5mg TAB
719985,Doxolip concentrate for infusion vial 10ml,Doxolip concentrate for infusion vial 10ml,20mg/10mL INF
720412,Doxopeg 10ml vial,Doxopeg 10ml vial,2mg/1mL INF
721805,Concentrate For Infusion 25ml,Doxorubicin accord concentrate for infusion 25ml,50mg/25mL INF
721804,Concentrate For Infusion 5ml,Doxorubicin accord concentrate for infusion 5ml,10mg/5mL INF
3004247,Conc For Sol For Inf Vial 25ml,Doxorubicin fresenius conc for sol for inf vial 25ml,50mg/25mL INF
3004245,Conc For Sol For Inf Vial 5ml,Doxorubicin fresenius conc for sol for inf vial 5ml,10mg/5mL INF
3007786,Doxred 10 lyophilized powder for solution for infusion vial,Doxred 10 lyophilized powder for solution for infusion vial,10mg INF
3007787,Doxred 50 lyophilized powder for solution for infusion vial,Doxred 50 lyophilized powder for solution for infusion vial,50mg INF
809667,Doxycyl,Doxycyl,100mg CAP
714192,Doxytet,Doxytet,100mg CAP
702618,Drinasal paediatric 10ml,Drinasal paediatric 10ml,"0,025% NOD"
3005567,Duforzig,Duforzig,10mg TAB
722934,Dulera 100/5ug 120 dose,Dulera 100/5ug 120 dose,INH
722933,Dulera 200/5ug 120 dose,Dulera 200/5ug 120 dose,INH
3006752,Duoasma 25/125 120 dose,Duoasma 25/125 120 dose,INH
3006753,Duoasma 25/250 120 dose,Duoasma 25/250 120 dose,INH
3005169,Duotemtric,Duotemtric,TAB
708877,Duotrav 2.5ml,Duotrav 2.5ml,OPD
3002891,Duzela,Duzela,30mg CAP
3002892,Duzela,Duzela,60mg CAP
3005220,Dynacaz 60mg mr,Dynacaz 60mg mr,60mg SRT
3005221,Dynacaz 90mg mr,Dynacaz 90mg mr,90mg SRT
3007340,Easan powder for solution for infusion vial,Easan powder for solution for infusion vial,150mg INF
3005000,Effentora,Effentora,100mcg MLT
3005002,Effentora,Effentora,200mcg MLT
3005007,Effentora,Effentora,400mcg MLT
723043,Elteno,Elteno,TAB
3003793,Emcor,Emcor,10mg TAB
3003792,Emcor,Emcor,5mg TAB
723037,Emetrol,Emetrol,SYR
784346,Emex,Emex,SYR
720786,Emistop ampoule 2ml,Emistop ampoule 2ml,4mg/2mL INJ
720788,Emistop ampoule 4ml,Emistop ampoule 4ml,8mg/4mL INJ
3005188,Emkapron,Emkapron,500mg TAB
824593,Entocord,Entocord,"0,02mg/1mL ENE"
716240,Epicord 10 vial 5ml,Epicord 10 vial 5ml,10mg/5mL INJ
716241,Epicord 50 vial 25ml,Epicord 50 vial 25ml,50mg/25mL INJ
721701,Epikepp,Epikepp,250mg TAB
721703,Epikepp,Epikepp,750mg TAB
721702,Epikepp,Epikepp,500mg TAB
821578,Epilim crushable,Epilim crushable,100mg TAB
718857,Epimate,Epimate,100mg TAB
718855,Epimate,Epimate,25mg TAB
718856,Epimate,Epimate,50mg TAB
704381,Epitec,Epitec,100mg TAB
704382,Epitec,Epitec,200mg TAB
704379,Epitec,Epitec,25mg TAB
704380,Epitec,Epitec,50mg TAB
710901,Epitoz,Epitoz,100mg TAB
710899,Epitoz,Epitoz,25mg TAB
710900,Epitoz,Epitoz,50mg TAB
707623,Epleptin,Epleptin,300mg CAP
707624,Epleptin,Epleptin,400mg CAP
707622,Epleptin,Epleptin,100mg CAP
3007626,Eplipix,Eplipix,"2,5mg TAB"
3007627,Eplipix,Eplipix,5mg TAB
837318,Eprex prefill,Eprex prefill,"2000u/0,5mL INJ"
820741,Eprex prefill,Eprex prefill,"4000u/0,4mL INJ"
839876,Eprex prefill,Eprex prefill,10000u/1mL INJ
705487,Eprex prefilled,Eprex prefilled,40000iu/1mL INJ
712391,Eprex prefilled syringe 0.6ml,Eprex prefilled syringe 0.6ml,"6000u/0,6mL INJ"
721460,Eprolep cr,Eprolep cr,200mg SRT
720762,Eprolep cr,Eprolep cr,300mg SRT
721055,Eprolep cr,Eprolep cr,500mg SRT
717447,Equifer ampoule 5ml,Equifer ampoule 5ml,100mg/5mL INJ
720023,Equisin,Equisin,25mg TAB
3003514,Eranfu pre-filled syringe 5ml,Eranfu pre-filled syringe 5ml,250mg/5mL INJ
3002633,Erlocip,Erlocip,150mg TAB
3002632,Erlocip,Erlocip,100mg TAB
710310,Eryko,Eryko,250mg TAB
3000919,Esetam,Esetam,10mg TAB
3000922,Esetam,Esetam,20mg TAB
893919,Estrofem,Estrofem,1mg TAB
825883,Estrofem,Estrofem,2mg TAB
3005394,Conc For Solution For Infusion Vial 5ml,Etoposide fresenius conc for solution for infusion vial 5ml,100mg/5mL INF
3000051,Eurodron concentrated solution for infusion vial 5ml,Eurodron concentrated solution for infusion vial 5ml,4mg/5mL INF
3002601,Eurolen,Eurolen,15mg CAP
3002603,Eurolen,Eurolen,25mg CAP
3002551,Eurolen,Eurolen,10mg CAP
3002314,Eurolen,Eurolen,5mg CAP
3006494,Eurostib,Eurostib,200mg TAB
3002452,Eurotax concentrate for solution for infusion vial,Eurotax concentrate for solution for infusion vial,80mg/4mL INF
3002451,Eurotax concentrate for solution for infusion vial,Eurotax concentrate for solution for infusion vial,20mg/1mL INF
713169,Euthyrox,Euthyrox,100mcg TAB
713172,Euthyrox,Euthyrox,25mcg TAB
713168,Euthyrox,Euthyrox,50mcg TAB
3006092,Euthyrox,Euthyrox,75mcg TAB
713048,Euvax b vial 1ml,Euvax b vial 1ml,20mcg/1mL VAC
3005898,Everzor,Everzor,10mg TAB
3005897,Everzor,Everzor,5mg TAB
3005347,Evrenzo,Evrenzo,20mg TAB
3005348,Evrenzo,Evrenzo,50mg TAB
3005349,Evrenzo,Evrenzo,70mg TAB
3005350,Evrenzo,Evrenzo,100mg TAB
3005351,Evrenzo,Evrenzo,150mg TAB
3003490,Extreda vial powder concentrate for solution,Extreda vial powder concentrate for solution,500mg INF
3003489,Extreda vial powder concentrate for solution,Extreda vial powder concentrate for solution,100mg INF
725544,Famucaps,Famucaps,CAP
3002375,Fastelev pre-filled syringe 5ml,Fastelev pre-filled syringe 5ml,250mg/5mL INJ
711682,Fedaloc sr,Fedaloc sr,30mg SRT
711714,Fedaloc sr,Fedaloc sr,60mg SRT
797014,Fenamin,Fenamin,50mg/5mL SUS
719282,Fendermal,Fendermal,100mcg/1h PTD
719281,Fendermal,Fendermal,75mcg/1h PTD
719280,Fendermal,Fendermal,50mcg/1h PTD
719279,Fendermal,Fendermal,25mcg/1h PTD
703820,Feverpain,Feverpain,120mg/5mL SYR
863742,Feverpain (boxed),Feverpain (boxed),120mg/5mL SYR
3004226,Fiasp penfill 3ml,Fiasp penfill 3ml,100u/1mL INJ
3003844,Fibtin,Fibtin,500mg TAB
3002730,Fidocare 30 xl,Fidocare 30 xl,30mg SRT
3002731,Fidocare 60 xl,Fidocare 60 xl,60mg SRT
3005254,Filengia,Filengia,"0,5mg CAP"
704829,Flexocam,Flexocam,"7,5mg TAB"
726656,Fluanxol,Fluanxol,"0,5mg TAB"
726664,Fluanxol,Fluanxol,1mg TAB
726672,Fluanxol depot 1ml,Fluanxol depot 1ml,20mg INJ
710308,Flupen,Flupen,250mg CAP
711136,Fluracedyl vial 10ml,Fluracedyl vial 10ml,500mg/10mL INJ
710307,Foratec hfa 120dose,Foratec hfa 120dose,12mcg/1dose INH
3006281,Forgevasc 10/160 mg,Forgevasc 10/160 mg,TAB
3006280,Forgevasc 5/160 mg,Forgevasc 5/160 mg,TAB
3005818,Fortihem solution for injection 5ml ampoule,Fortihem solution for injection 5ml ampoule,20mg/1mL INJ
3006607,Powder For Solution For Infusion Vial,Fosaprepitant cipla powder for solution for infusion vial,150mg INF
3004998,Frexivo pre-filled syringe 5ml,Frexivo pre-filled syringe 5ml,250mg/5mL INJ
3006922,Fuldexa pre-filled syringe 5ml,Fuldexa pre-filled syringe 5ml,250mg/5mL INJ
3002160,Fulphila pre-filled syringe 0.6ml,Fulphila pre-filled syringe 0.6ml,"6mg/0,6mL INJ"
3006714,Fulvedex pre-filled syringe 5ml,Fulvedex pre-filled syringe 5ml,250mg/5mL INJ
3003571,Pre-filled Syringe 5ml,Fulvestrant mylan pre-filled syringe 5ml,250mg/5mL INJ
846422,Fungispor,Fungispor,0.01 CRE
798150,Fungistop topical,Fungistop topical,0.01 CRE
821845,Furobe,Furobe,40mg TAB
714110,Ganfort 3ml,Ganfort 3ml,OPD
810916,Gastron,Gastron,2mg TAB
3004230,Conc For Sol For Inf Vial 26.3ml,Gemcitabine rtu fresenius conc for sol for inf vial 26.3ml,"1000mg/26,3 mINLF"
3004229,Conc For Sol For Inf Vial 5.26ml,Gemcitabine rtu fresenius conc for sol for inf vial 5.26ml,"200mg/5,26m ILNF"
728608,Gemini 15ml,Gemini 15ml,OPD
3005226,Gemvalaz 10/160,Gemvalaz 10/160,TAB
3005225,Gemvalaz 5/160,Gemvalaz 5/160,TAB
704606,Gen-payne,Gen-payne,CAP
722725,Girotec,Girotec,50mg TAB
719449,Gitsalat,Gitsalat,30mg SRT
720983,Glaucopress 5ml,Glaucopress 5ml,0.02 OPD
721902,Glaumide-co 5ml,Glaumide-co 5ml,OPD
721977,Glauopt co 5ml,Glauopt co 5ml,OPD
3008080,Glauptico 3ml,Glauptico 3ml,OPD
3003183,Glenbute 200 dose,Glenbute 200 dose,100mcg INH
721692,Mr,Gliclazide unicorn mr,30mg SRT
3007041,Glomatin,Glomatin,"0,5mg CAP"
3005476,Glovireg,Glovireg,150mg CAP
3005475,Glovireg,Glovireg,75mg CAP
3005474,Glovireg,Glovireg,25mg CAP
667990,Glucocheck evolve test strip,Glucocheck evolve test strip,ZZZ
1038324,Glucocheck key test strip,Glucocheck key test strip,ZZZ
714525,Gluconorm,Gluconorm,500mg TAB
714526,Gluconorm,Gluconorm,850mg TAB
3003578,Gluctam mr,Gluctam mr,60mg SRT
3006093,Glyzid mr,Glyzid mr,30mg SRT
3006094,Glyzid mr,Glyzid mr,60mg SRT
895199,Go-pain p,Go-pain p,120mg/5mL SYR
720942,Ampoule 1ml,Granisetron fresenius ampoule 1ml,1mg/1mL INJ
720943,Ampoule 3ml,Granisetron fresenius ampoule 3ml,1mg/1mL INJ
721164,Grantryl ampoule 1ml,Grantryl ampoule 1ml,1mg/1mL INJ
721165,Grantryl ampoule 3ml,Grantryl ampoule 3ml,3mg/3mL INJ
3003091,Grastiva pre-filled syringe 0.5ml,Grastiva pre-filled syringe 0.5ml,"300mcg/0,5m LINJ"
3003092,Grastiva pre-filled syringe 0.5ml,Grastiva pre-filled syringe 0.5ml,"480mcg/0,5m LINJ"
720727,Gulf folic acid,Gulf folic acid,5mg TAB
868213,Gulf indomethacin,Gulf indomethacin,25mg CAP
841560,Haemosolvate viii,Haemosolvate viii,300u INJ
800759,Haemosolvate viii 10ml,Haemosolvate viii 10ml,500u INJ
813648,Haemosolvate viii 2x10ml,Haemosolvate viii 2x10ml,1000u INJ
800767,Haemosolvex ix,Haemosolvex ix,500u INJ
701659,Heberbio hbv sgl dose 1ml adult,Heberbio hbv sgl dose 1ml adult,20mcg/1mL VAC
730599,Ampoule 1ml,Heparin sodium fresenius ampoule 1ml,1000u/1mL INJ
782254,Vial 5ml,Heparin sodium fresenius vial 5ml,1000u/1mL INJ
3001799,Hetacav,Hetacav,300mg TAB
3001798,Hetacav oral,Hetacav oral,20mg/1mL SOL
720869,Hetemcit 200mg/300mg,Hetemcit 200mg/300mg,TAB
3004852,Heteran,Heteran,250mg TAB
3005177,Heterix vial 1.2ml,Heterix vial 1.2ml,"24mg/1,2mL INJ"
722622,Heteruam 600mg/300mg,Heteruam 600mg/300mg,TAB
3002312,Hetripco,Hetripco,TAB
863157,Hexarone,Hexarone,100mg TAB
863165,Hexarone,Hexarone,200mg TAB
890470,Hexazide,Hexazide,25mg TAB
861782,Humalog mix 25 cartridge 3ml,Humalog mix 25 cartridge 3ml,100u/1mL INJ
705074,Humalog mix 50 cartridge 3ml,Humalog mix 50 cartridge 3ml,100u/1mL INJ
3002333,Hydrolec ready to drink orange,Hydrolec ready to drink orange,SOL
3005296,Hylokat 100/25,Hylokat 100/25,TAB
3005295,Hylokat 50/12.5,Hylokat 50/12.5,TAB
707213,Hyospasmol,Hyospasmol,5mg/5mL SYR
731951,Hyospasmol,Hyospasmol,10mg TAB
862622,Hypace,Hypace,5mg TAB
731714,Hyperphen,Hyperphen,10mg TAB
731722,Hyperphen,Hyperphen,50mg TAB
732052,Hypotone,Hypotone,250mg TAB
705940,Ibu,Ibu,200mg TAB
700316,Ibucine,Ibucine,200mg TAB
700318,Ibucine,Ibucine,400mg TAB
700315,Ibucine,Ibucine,100mg/5mL SUS
704781,Ibugesic fever and pain (orange),Ibugesic fever and pain (orange),100mg/5mL SUS
705264,Ibugesic forte,Ibugesic forte,CAP
3004030,Ibugesic oral suspension (strawberry),Ibugesic oral suspension (strawberry),100mg/5mL SUS
719664,Ibupain forte blister pack,Ibupain forte blister pack,CAP
708536,Ibusor,Ibusor,200mg TAB
704095,Ilvitrim,Ilvitrim,TAB
705259,Ilvitrim,Ilvitrim,SUS
723296,Imavec,Imavec,400mg CAP
718595,Imavec,Imavec,100mg CAP
806560,Indoblok,Indoblok,40mg TAB
721335,Inflamax Paediatric,Inflamax Paediatric,100mg/5mL SUS
732826,Influvac 0.5ml,Influvac 0.5ml,VAC
3004640,Innofer solution for injection 5ml ampoule,Innofer solution for injection 5ml ampoule,100mg/5mL INJ
3004923,Innoflam,Innoflam,100mg CAP
3004943,Innoflam,Innoflam,200mg CAP
711138,Innospore,Innospore,0.01 VCR
723841,Innuvair 100mcg/6mcg 120 dose,Innuvair 100mcg/6mcg 120 dose,INH
3002606,Intaza powder for suspension vial,Intaza powder for suspension vial,100mg INJ
712873,Irinotas 5ml vial,Irinotas 5ml vial,100mg/5mL INF
712643,Irinotas vial 2ml,Irinotas vial 2ml,40mg/2mL INF
3006967,Iritero solution for injection 5ml vial,Iritero solution for injection 5ml vial,100mg/5mL INF
3007047,Iritero solution for injection 5ml vial,Iritero solution for injection 5ml vial,40mg/2mL INF
734055,Ismo,Ismo,20mg TAB
723180,Ivemend powder for solution vial,Ivemend powder for solution vial,150mg INF
723194,Jubitan,Jubitan,150mg TAB
723203,Jubitan,Jubitan,300mg TAB
717378,Jurnista,Jurnista,16mg TAB
716424,Jurnista,Jurnista,4mg TAB
700924,Kaletra,Kaletra,SYR
3004778,Kavideza,Kavideza,TAB
718160,Kavimun paed,Kavimun paed,60mg TAB
3006500,Kemoprev iv solution for injection 5ml vial,Kemoprev iv solution for injection 5ml vial,250mcg/5mL INJ
735175,Kessar,Kessar,20mg TAB
3005231,Kinect,Kinect,1mg TAB
720977,Klaribin,Klaribin,500mg TAB
720976,Klaribin,Klaribin,250mg TAB
707256,Klarizon,Klarizon,500mg TAB
719921,Klaryvid,Klaryvid,500mg TAB
716675,Klaryvid,Klaryvid,250mg TAB
3004144,Kolcrys,Kolcrys,"0,5mg TAB"
3000605,Kovatrax,Kovatrax,TAB
797723,Lacson,Lacson,3300mg/5mL SYR
735698,Lagatrim,Lagatrim,480mg TAB
704487,Lamitor,Lamitor,50mg TAB
704488,Lamitor,Lamitor,100mg TAB
712217,Lamitor,Lamitor,200mg TAB
704486,Lamitor,Lamitor,25mg TAB
3002171,Lamorola,Lamorola,100mg TAB
3005109,Lamorola,Lamorola,200mg TAB
3002169,Lamorola,Lamorola,25mg TAB
3002170,Lamorola,Lamorola,50mg TAB
708053,Lancap,Lancap,30mg CAP
735760,Lanoxin,Lanoxin,"0,0625mg TAB"
735752,Lanoxin,Lanoxin,"0,25mg TAB"
735744,Lanoxin paediatric/geriatric,Lanoxin paediatric/geriatric,"0,05mg/1mL SYR"
715718,Laradex,Laradex,"2,5mg TAB"
735884,Largactil,Largactil,100mg TAB
735868,Largactil,Largactil,25mg TAB
735876,Largactil,Largactil,50mg TAB
3000000,Lecardop 25/100,Lecardop 25/100,TAB
3000001,Lecardop 25/250,Lecardop 25/250,TAB
736260,Lenamet,Lenamet,400mg TAB
736244,Lenazine,Lenazine,5mg/5mL SYR
872253,Lenditro,Lenditro,5mg TAB
767360,Lennon Sulphacetamide Eye Ointment 3.5g,Lennon Sulphacetamide Eye Ointment 3.5g,0.1 EYO
3002719,Lessuric,Lessuric,300mg TAB
3005305,Letraz,Letraz,"2,5mg TAB"
3006208,Solution For Injection Vial,Leucovorin 100mg/10ml fresenius solution for injection vial,10mg/1mL INJ
705313,Levemir prefilled cartridge 3ml,Levemir prefilled cartridge 3ml,100u/1mL INJ
3006360,Leveseize xr,Leveseize xr,1500mg SRT
3006359,Leveseize xr,Leveseize xr,1000mg SRT
3006358,Leveseize xr,Leveseize xr,750mg SRT
3006357,Leveseize xr,Leveseize xr,500mg SRT
705076,Lipidex,Lipidex,10mg TAB
705077,Lipidex,Lipidex,20mg TAB
714678,Lizro,Lizro,10mg TAB
714679,Lizro,Lizro,20mg TAB
714677,Lizro,Lizro,5mg TAB
3004648,Lokit od,Lokit od,40mg CAP
3003683,Lomida 50mg/300mg,Lomida 50mg/300mg,TAB
3001450,Lopimune oral pellets 40mg/10mg,Lopimune oral pellets 40mg/10mg,SPC
715857,Losaar plus 100mg/25mg,Losaar plus 100mg/25mg,TAB
715856,Losaar plus 50mg/12.5mg,Losaar plus 50mg/12.5mg,TAB
3005832,Loxat concentrate for infusion 20ml vial,Loxat concentrate for infusion 20ml vial,100mg/20mg INF
3005833,Loxat concentrate for infusion 5ml vial,Loxat concentrate for infusion 5ml vial,30mg/5mL INF
716754,Lumigan 2.5ml,Lumigan 2.5ml,"0,01% OPD"
717385,Lumont,Lumont,10mg TAB
717383,Lumont,Lumont,4mg CHU
717384,Lumont,Lumont,5mg CHU
721806,Lunar,Lunar,20mg TAB
3000596,Luvigen,Luvigen,TAB
3004668,Lybet,Lybet,150mg CAP
3004665,Lybet,Lybet,75mg CAP
3004663,Lybet,Lybet,25mg CAP
3005408,Maclutek,Maclutek,10mg TAB
3005406,Maclutek,Maclutek,4mg CHU
3005407,Maclutek,Maclutek,5mg CHU
797561,Macropen,Macropen,500mg CAP
830208,Macropen s,Macropen s,250mg/5mL SUS
892654,Magasil,Magasil,SUS
3007137,Mazotem,Mazotem,100mg CAP
3007136,Mazotem,Mazotem,20mg CAP
3007135,Mazotem,Mazotem,5mg CAP
792853,Medazine nausea,Medazine nausea,50mg TAB
792845,Medazine-s,Medazine-s,"12,5mg/5mL SYR"
712312,Medi soda effervescent,Medi soda effervescent,GRA
740683,Medigel,Medigel,SUS
848824,Metagyl,Metagyl,200mg TAB
848832,Metagyl forte,Metagyl forte,400mg TAB
793167,Metazol,Metazol,400mg TAB
793159,Metazol,Metazol,200mg TAB
814393,Methocaps,Methocaps,25mg CAP
3008506,Metplitin,Metplitin,100mg TAB
3008505,Metplitin,Metplitin,50mg TAB
3008816,Metplitin Co 50mg/1000mg,Metplitin Co 50mg/1000mg,TAB
3008817,Metplitin Co 50mg/850mg,Metplitin Co 50mg/850mg,TAB
779822,Metrazole,Metrazole,400mg TAB
720355,Mezavant,Mezavant,1200mg ERT
3000409,Miblex vial powder for reconstitution,Miblex vial powder for reconstitution,"3,5mg INJ"
743283,Migril,Migril,TAB
722061,Minirin melt,Minirin melt,240mcg SLT
722060,Minirin melt,Minirin melt,120mcg SLT
3006595,Minirin melt,Minirin melt,60mcg SLT
712564,Mircera prefilled syringe 0.3ml,Mircera prefilled syringe 0.3ml,"100mcg/0,3m LINJ"
712565,Mircera prefilled syringe 0.3ml,Mircera prefilled syringe 0.3ml,"150mcg/0,3m LINJ"
712567,Mircera prefilled syringe 0.3ml,Mircera prefilled syringe 0.3ml,"200mcg/0,3m LINJ"
712568,Mircera prefilled syringe 0.3ml,Mircera prefilled syringe 0.3ml,"250mcg/0,3m LINJ"
712562,Mircera prefilled syringe 0.3ml,Mircera prefilled syringe 0.3ml,"50mcg/0,3mL INJ"
712563,Mircera prefilled syringe 0.3ml,Mircera prefilled syringe 0.3ml,"75mcg/0,3mL INJ"
717045,Mircera prefilled syringe 0.3ml,Mircera prefilled syringe 0.3ml,"120mcg/0,3m LINJ"
805130,Mist pot cit simplex,Mist pot cit simplex,"416,6mg/5mL SUS"
744182,Mitil,Mitil,5mg TAB
722964,Mivesta,Mivesta,400mg TAB
722940,Mivesta,Mivesta,100mg TAB
718676,Mivuten,Mivuten,TAB
3003576,Mixanval 10mg/10mg,Mixanval 10mg/10mg,TAB
3003575,Mixanval 10mg/5mg,Mixanval 10mg/5mg,TAB
3003574,Mixanval 5mg/10mg,Mixanval 5mg/10mg,TAB
3003573,Mixanval 5mg/5mg,Mixanval 5mg/5mg,TAB
3008137,Mizart plus 40/10,Mizart plus 40/10,TAB
3008133,Mizart plus 40/5,Mizart plus 40/5,TAB
3008138,Mizart plus 80/10,Mizart plus 80/10,TAB
3008135,Mizart plus 80/5,Mizart plus 80/5,TAB
710251,Monicor sr,Monicor sr,60mg SRT
721303,Monteflo,Monteflo,10mg TAB
721300,Monteflo,Monteflo,4mg CHU
721302,Monteflo,Monteflo,5mg CHU
806587,Moxymax,Moxymax,500mg CAP
806579,Moxymax,Moxymax,250mg CAP
830275,Moxymax s,Moxymax s,125mg/5mL SUS
830283,Moxymax sf,Moxymax sf,250mg/5mL SUS
715940,Mozobil vial 1.2ml,Mozobil vial 1.2ml,"24mg/1,2mL INJ"
811246,Mst continus,Mst continus,100mg SRT
811238,Mst continus,Mst continus,60mg SRT
744743,Mst continus,Mst continus,30mg SRT
744735,Mst continus,Mst continus,10mg SRT
3004795,Myalica,Myalica,25mg CAP
704791,Mybulen,Mybulen,CAP
3000395,Myclav,Myclav,625mg TAB
3000394,Myclav,Myclav,375mg TAB
3006839,Mylonza 300/300/400,Mylonza 300/300/400,TAB
3002263,Myltega,Myltega,50mg TAB
721258,Myoprin,Myoprin,100mg TAB
810185,Napinflam,Napinflam,250mg TAB
805238,Naproscript,Naproscript,250mg TAB
3006415,Natrapress,Natrapress,10mg TAB
3006414,Natrapress,Natrapress,20mg TAB
3003636,Natrixam 1.5mg/10mg,Natrixam 1.5mg/10mg,SRT
3003635,Natrixam 1.5mg/5mg,Natrixam 1.5mg/5mg,SRT
718465,Navalpro cr,Navalpro cr,200mg SRT
718466,Navalpro cr,Navalpro cr,300mg SRT
718468,Navalpro cr,Navalpro cr,500mg SRT
700192,Navelbine oral,Navelbine oral,30mg CAP
700191,Navelbine oral,Navelbine oral,20mg CAP
822655,Navelbine vial 1ml,Navelbine vial 1ml,10mg/1mL INF
819263,Navelbine vial 5ml,Navelbine vial 5ml,50mg/5mL INF
3003766,Navilin,Navilin,30mg CAP
3003765,Navilin,Navilin,20mg CAP
746126,Nazene Z 20ml,Nazene Z 20ml,NAS
3006174,Neukast pre-filled syringe 0.5ml,Neukast pre-filled syringe 0.5ml,"480mcg/0,5m LINJ"
3006173,Neukast pre-filled syringe 0.5ml,Neukast pre-filled syringe 0.5ml,"300mcg/0,5m LINJ"
708482,Nexavar,Nexavar,200mg TAB
3003673,Nezolap,Nezolap,10mg TAB
3003672,Nezolap,Nezolap,5mg TAB
804924,Nidasall,Nidasall,400mg TAB
3005264,Niosar,Niosar,160mg TAB
3005263,Niosar,Niosar,80mg TAB
3005849,Niosar co 160/12.5 mg,Niosar co 160/12.5 mg,TAB
3005926,Niosar co 160/25 mg,Niosar co 160/25 mg,TAB
3005827,Niosar co 80/12.5 mg,Niosar co 80/12.5 mg,TAB
721260,Normoten,Normoten,100mg TAB
721259,Normoten,Normoten,50mg TAB
721595,Norvir,Norvir,100mg TAB
793310,Novatrim,Novatrim,SUS
704903,Novofem,Novofem,TAB
897775,Novorapid penfill 3ml,Novorapid penfill 3ml,100u/1mL INJ
892662,Nucopain,Nucopain,TAB
867977,Nucotrim,Nucotrim,TAB
3004989,Nuradar,Nuradar,600mg TAB
3000585,Nuvaco,Nuvaco,TAB
3004878,Nuvitab,Nuvitab,400mg TAB
3004872,Nuvitab,Nuvitab,100mg TAB
835285,Nystacid,Nystacid,SUS
713084,Octanate vial 10ml,Octanate vial 10ml,1000iu INJ
713086,Octanate vial 10ml,Octanate vial 10ml,500iu INJ
713085,Octanate vial 5ml,Octanate vial 5ml,250iu INJ
713100,Octanine f 30ml vial,Octanine f 30ml vial,500iu INJ
713099,Octanine f vial 30ml,Octanine f vial 30ml,1000iu INJ
702935,Octin opthalmic drops 5ml,Octin opthalmic drops 5ml,3mg/1mL OPD
3000372,Ocudor co 5ml,Ocudor co 5ml,OPD
3006429,Odinsti dispersible,Odinsti dispersible,10mg DSP
710972,Odiven,Odiven,"37,5mg TAB"
710973,Odiven,Odiven,75mg TAB
3000927,Ogivri 21mg/ml iv vial powder for reconstitution + diluent,Ogivri 21mg/ml iv vial powder for reconstitution + diluent,440mg INF
3004398,Olandus,Olandus,10mg TAB
3004397,Olandus,Olandus,5mg TAB
715659,Olexar,Olexar,10mg TAB
715658,Olexar,Olexar,5mg TAB
3006193,Omectron 4 odt,Omectron 4 odt,4mg DSP
3006194,Omectron 8 odt,Omectron 8 odt,8mg DSP
706688,Omez,Omez,40mg CAP
703459,Omez,Omez,20mg CAP
3000589,Omiflux,Omiflux,20mg CAP
718715,Omsal,Omsal,"0,4mg SRC"
3008511,Omuben powder for concentrate for solution for infusion vial,Omuben powder for concentrate for solution for infusion vial,100mg INF
717402,Onbrez breezhaler (30 caps & inhaler),Onbrez breezhaler (30 caps & inhaler),KIT
718558,Ampoule,Ondansetron fresenius ampoule,8mg/4mL INJ
718557,Ampoule,Ondansetron fresenius ampoule,4mg/2mL INJ
218449,Onetouch select plus test strip,Onetouch select plus test strip,ZZZ
708388,Onicit vial 5ml,Onicit vial 5ml,50mcg/1mL INJ
723390,Oplaxin concentrate for solution 1ml vial rtu,Oplaxin concentrate for solution 1ml vial rtu,100mg/1mL INF
723389,Oplaxin concentrate for solution 1ml vial rtu,Oplaxin concentrate for solution 1ml vial rtu,50mg/1mL INF
723474,Optisulin cartridge 3ml,Optisulin cartridge 3ml,100iu/1mL INJ
3007142,Optitrin,Optitrin,OPD
3004000,Concentrate For Sol For Inf Vial 10ml,Oxaliplatin fresenius concentrate for sol for inf vial 10ml,50mg/10mL INF
3004002,Concentrate For Sol For Inf Vial 20ml,Oxaliplatin fresenius concentrate for sol for inf vial 20ml,100mg/20mL INF
719542,Oxpola,Oxpola,"0,125mg TAB"
719543,Oxpola,Oxpola,"0,25mg TAB"
715945,Oxycontin,Oxycontin,20mg SRT
715944,Oxycontin,Oxycontin,10mg SRT
715943,Oxycontin,Oxycontin,5mg SRT
715951,Oxynorm,Oxynorm,20mg CAP
715950,Oxynorm,Oxynorm,10mg CAP
715949,Oxynorm,Oxynorm,5mg CAP
722063,Oxyrest,Oxyrest,5mg TAB
3006704,Conc For Sol Vial 50ml,Paclitaxel 100mg/16.7ml fresenius conc for sol vial 50ml,"100mg/16,7m ILNF"
3006705,Conc For Sol Vial 50ml,Paclitaxel 300mg/50ml fresenius conc for sol vial 50ml,300mg/50mL INF
3006703,Conc For Sol Vial 6ml,Paclitaxel 30mg/5ml fresenius conc for sol vial 6ml,30mg/5mL INF
704450,Painogesic,Painogesic,120mg/5mL SYR
3005997,Painogesic co,Painogesic co,TAB
3005645,Palcita solution for injection 5ml vial,Palcita solution for injection 5ml vial,250mcg/5mL INJ
723877,Palexia sr,Palexia sr,100mg SRT
723876,Palexia sr,Palexia sr,50mg SRT
3007017,Solution For Injection 5ml Vial,Palonosetron fresenius solution for injection 5ml vial,250mcg/5mL INJ
3006694,Palton solution for injection 5ml vial,Palton solution for injection 5ml vial,250mcg/5mL INJ
752304,Panafcort,Panafcort,5mg TAB
752398,Panamor at,Panamor at,50mg TAB
706111,Pantocid,Pantocid,40mg/10mL INJ
3005882,Paranvir,Paranvir,600mg TAB
3007756,Partid,Partid,200mg TAB
714527,Pearinda,Pearinda,4mg TAB
714528,Pearinda,Pearinda,8mg TAB
714952,Pearinda plus 4mg/1.25mg,Pearinda plus 4mg/1.25mg,TAB
3003593,Pearinda plus 8mg/2.5mg,Pearinda plus 8mg/2.5mg,TAB
3003563,Pearloc 4mg/10mg,Pearloc 4mg/10mg,TAB
3003551,Pearloc 4mg/5mg,Pearloc 4mg/5mg,TAB
3003565,Pearloc 8mg/10mg,Pearloc 8mg/10mg,TAB
3003564,Pearloc 8mg/5mg,Pearloc 8mg/5mg,TAB
722963,Pecaset,Pecaset,500mg TAB
722962,Pecaset,Pecaset,150mg TAB
3005663,Pre-filled Syringe 0.6ml,Pegfilgrastim 6mg/0.6ml mylan pre-filled syringe 0.6ml,INJ
3003864,Pegylastin pre-filled syringe 0.6ml,Pegylastin pre-filled syringe 0.6ml,"6mg/0,6mL INJ"
723384,Powder For Solution Vial,Pemetrexed accord powder for solution vial,500mg INF
3002218,Pemject powder for solution vial,Pemject powder for solution vial,500mg INF
707980,Pendine,Pendine,10mg TAB
707979,Pendine,Pendine,5mg TAB
714134,Pentasa,Pentasa,1000mg SUP
890775,Pentasa,Pentasa,500mg TAB
715307,Peploc,Peploc,40mg ECT
715306,Peploc,Peploc,20mg ECT
708649,Perdotor (was circator),Perdotor (was circator),4mg TAB
3000236,Perdotor (was circator),Perdotor (was circator),8mg TAB
708650,Perdotor plus (was circator plus) 4mg/1.25mg,Perdotor plus (was circator plus) 4mg/1.25mg,TAB
717782,4mg/1.25mg,Perindopril co unicorn 4mg/1.25mg,TAB
3003581,Pexali powder for solution vial,Pexali powder for solution vial,500mg INF
3003580,Pexali powder for solution vial,Pexali powder for solution vial,100mg INF
723741,Pexasp,Pexasp,"0,125mg TAB"
723740,Pexasp,Pexasp,"0,25mg TAB"
723742,Pexasp,Pexasp,1mg TAB
3002874,Pexitaz 500 powder for solution for infusion vial,Pexitaz 500 powder for solution for infusion vial,500mg INF
754757,Phenergan,Phenergan,25mg TAB
711423,Plagrol,Plagrol,75mg TAB
794333,Plasmoquine,Plasmoquine,200mg CAP
3001820,Plenish-k sr,Plenish-k sr,600mg SRT
3001925,Pneumovax 23 single dose pre-filled syringe 0.5ml,Pneumovax 23 single dose pre-filled syringe 0.5ml,VAC
793264,Ponac,Ponac,50mg/5mL SUS
3002371,Pravafen 40mg/160mg,Pravafen 40mg/160mg,CAP
3005678,Pravlex sr,Pravlex sr,"0,4mg SRC"
3005655,Prazant,Prazant,40mg ECT
3005654,Prazant,Prazant,20mg ECT
720716,Prazoloc powder for solution vial,Prazoloc powder for solution vial,40mg INJ
756849,Preparation h,Preparation h,OIN
3004558,Prerica,Prerica,150mg CAP
3004555,Prerica,Prerica,75mg CAP
3003544,Presicard,Presicard,10mg TAB
3003543,Presicard,Presicard,5mg TAB
721508,Prexum 10 plus 10mg/2.5mg,Prexum 10 plus 10mg/2.5mg,TAB
720388,Prexum 5 plus 5mg/1.25mg,Prexum 5 plus 5mg/1.25mg,TAB
3006855,Prinolid,Prinolid,"11,25mg KIT"
3006854,Prinolid,Prinolid,"3,75mg KIT"
3003847,Priptrin,Priptrin,10mg TAB
3003848,Priptrin,Priptrin,15mg TAB
720812,Probitor,Probitor,20mg CAP
757675,Propan gel s,Propan gel s,SUS
3002487,Protyga,Protyga,250mg TAB
808245,Provera,Provera,10mg TAB
757934,Provera,Provera,5mg TAB
758221,Purbac,Purbac,SUS
758388,Purmycin,Purmycin,250mg CAP
758418,Purmycin,Purmycin,250mg/5mL SUS
758396,Purmycin,Purmycin,125mg/5mL SUS
758558,Pyralen,Pyralen,120mg/5mL SYR
799432,Pyrocaps,Pyrocaps,20mg CAP
3003782,Quesara,Quesara,100mg TAB
3003783,Quesara,Quesara,200mg TAB
3003781,Quesara,Quesara,25mg TAB
3003784,Quesara,Quesara,300mg TAB
3003540,Quesara xr,Quesara xr,200mg SRT
3003541,Quesara xr,Quesara xr,300mg SRT
3003542,Quesara xr,Quesara xr,400mg SRT
3003537,Quesara xr,Quesara xr,150mg SRT
3004145,Quetz,Quetz,100mg TAB
3004146,Quetz,Quetz,200mg TAB
3004143,Quetz,Quetz,25mg TAB
3004147,Quetz,Quetz,300mg TAB
3005267,Radzil,Radzil,10mg TAB
3005268,Radzil,Radzil,15mg TAB
3005266,Radzil,Radzil,5mg TAB
837253,Ranceph,Ranceph,500mg CAP
830909,Ranceph,Ranceph,250mg CAP
860603,Ranceph,Ranceph,125mg/5mL SUS
860611,Ranceph,Ranceph,250mg/5mL SUS
3004081,Ranclav,Ranclav,625mg TAB
894123,Ranclav,Ranclav,"156,25mg/5m SLUS"
894125,Ranclav forte,Ranclav forte,"312,5mg/5mL SUS"
703543,Rapacid,Rapacid,20mg CAP
3004978,Rasapar,Rasapar,1mg TAB
719989,Rautevene solution for injection ampoule 5ml,Rautevene solution for injection ampoule 5ml,100mg/5mL INJ
3000528,Ravalef,Ravalef,10mg TAB
3000529,Ravalef,Ravalef,20mg TAB
3006965,Razeda,Razeda,1mg TAB
890887,Rebif 22 pre-filled syringe 0.5ml,Rebif 22 pre-filled syringe 0.5ml,"22mcg/0,5mL INJ"
717085,Rebif 22 rebidose pre-filled pen 0.5ml,Rebif 22 rebidose pre-filled pen 0.5ml,"22mcg/0,5mL INJ"
898891,Rebif 44 pre-filled syringe 0.5ml,Rebif 44 pre-filled syringe 0.5ml,"44mcg/0,5mL INJ"
717093,Rebif 44 rebidose pre-filled pen 0.5ml,Rebif 44 rebidose pre-filled pen 0.5ml,"44mcg/0,5mL INJ"
704630,Recormon 6000 iu/0.3ml pre-filled syringe,Recormon 6000 iu/0.3ml pre-filled syringe,6000iu INJ
705751,Recormon pre-filled syringe,Recormon pre-filled syringe,"30000iu/0,6m LINJ"
705261,Recormon pre-filled syringe,Recormon pre-filled syringe,10000iu INJ
3005178,Redditux concentrate for solution for infusion vial 10ml,Redditux concentrate for solution for infusion vial 10ml,100mg/10mL INF
3005180,Redditux concentrate for solution for infusion vial 50ml,Redditux concentrate for solution for infusion vial 50ml,500mg/50mL INF
3008853,Redifarg,Redifarg,10mg TAB
714662,Redilev,Redilev,250mg TAB
714664,Redilev,Redilev,750mg TAB
714663,Redilev,Redilev,500mg TAB
719205,Regoval co 160mg/12.5mg,Regoval co 160mg/12.5mg,TAB
719206,Regoval co 160mg/25mg,Regoval co 160mg/25mg,TAB
719204,Regoval co 80mg/12.5mg,Regoval co 80mg/12.5mg,TAB
882934,Repivate,Repivate,"0,1% CRE"
716505,Reprex,Reprex,4mg TAB
716506,Reprex,Reprex,8mg TAB
3007015,Revinty ellipta 184/22ug 30 dose,Revinty ellipta 184/22ug 30 dose,INH
3007014,Revinty ellipta 92/22ug 30 dose,Revinty ellipta 92/22ug 30 dose,INH
3000532,Reydin,Reydin,TAB
721609,Rheumalef,Rheumalef,10mg TAB
721610,Rheumalef,Rheumalef,20mg TAB
703162,Rhineton,Rhineton,4mg TAB
3001731,Rhineton,Rhineton,2mg/5mL SYR
3002386,Riatem 100mg/300mg,Riatem 100mg/300mg,TAB
710437,Ridaq,Ridaq,"12,5mg TAB"
720864,Rilovia 200mg/50mg,Rilovia 200mg/50mg,TAB
3007990,Riqviva concentrate for solution for infusion 20ml vial,Riqviva concentrate for solution for infusion 20ml vial,400mg/16mL INF
3007989,Riqviva concentrate for solution for infusion 5ml vial,Riqviva concentrate for solution for infusion 5ml vial,100mg/4mL INF
717996,Risnia,Risnia,"0,5mg TAB"
717997,Risnia,Risnia,1mg TAB
717998,Risnia,Risnia,2mg TAB
717999,Risnia,Risnia,3mg TAB
714101,Rispacor,Rispacor,"0,5mg TAB"
713967,Rispacor,Rispacor,1mg TAB
713966,Rispacor,Rispacor,2mg TAB
713965,Rispacor,Rispacor,3mg TAB
723314,Rispide,Rispide,"0,5mg TAB"
723315,Rispide,Rispide,1mg TAB
723316,Rispide,Rispide,2mg TAB
3001754,Ristova 100 vial 10ml,Ristova 100 vial 10ml,100mg/10mL INF
3001755,Ristova 500 vial 50ml,Ristova 500 vial 50ml,500mg/50mL INF
721720,Rizene,Rizene,TAB
704786,R-loc,R-loc,50mg/2mL INJ
3008557,Roidace,Roidace,100mcg TAB
3008554,Roidace,Roidace,25mcg TAB
3008555,Roidace,Roidace,50mcg TAB
3008556,Roidace,Roidace,75mcg TAB
719645,Romidab,Romidab,1000mg TAB
719643,Romidab,Romidab,500mg TAB
719644,Romidab,Romidab,850mg TAB
701072,Roxifen,Roxifen,20mg CAP
721801,Rubexet rtu concentrated solution for infusion 25ml,Rubexet rtu concentrated solution for infusion 25ml,50mg/25mL INF
721800,Rubexet rtu concentrated solution for infusion 5ml,Rubexet rtu concentrated solution for infusion 5ml,10mg/5mL INF
3005165,Rubilim cr,Rubilim cr,200mg SRT
3005166,Rubilim cr,Rubilim cr,300mg SRT
3005167,Rubilim cr,Rubilim cr,500mg SRT
3000278,Rubitrend,Rubitrend,"12,5mg TAB"
3000281,Rubitrend,Rubitrend,25mg TAB
3000276,Rubitrend,Rubitrend,"6,25mg TAB"
3005571,Ryzodeg penfill 3ml,Ryzodeg penfill 3ml,100u/1mL INJ
720401,Saflutan single dose container 0.3ml,Saflutan single dose container 0.3ml,15mcg/1mL OPD
3006449,Sagalatin,Sagalatin,10mg TAB
762008,Salazopyrin,Salazopyrin,500mg TAB
762016,Salazopyrin en,Salazopyrin en,500mg ECT
3007073,Salofalk,Salofalk,"1,5g SAC"
878782,Co-amoclav Sf,Sandoz co-amoclav sf,"312,5mg/5mL SUS"
719283,Co-amoxyclav,Sandoz co-amoxyclav,625mg DSP
878766,Co-amoxyclav,Sandoz co-amoxyclav,375mg TAB
705471,Co-amoxyclav Bd Sf,Sandoz co-amoxyclav bd sf,457mg/5mL SUS
878774,Co-amoxyclav S,Sandoz co-amoxyclav s,"156,25mg/5m SLUS"
716515,Sartoc-co 100mg/25mg,Sartoc-co 100mg/25mg,TAB
715064,Sartoc-co 50/12.5,Sartoc-co 50/12.5,50mg/12.5mg TAB
762725,Scopex,Scopex,10mg TAB
762717,Scopex co,Scopex co,TAB
703383,Scopex syrup,Scopex syrup,5mg/5mL SYR
762849,Scripto-metic,Scripto-metic,5mg TAB
814946,Sedabarb,Sedabarb,30mg TAB
721596,Seebri breezhaler (30 caps & inhaler),Seebri breezhaler (30 caps & inhaler),KIT
3005512,Segavin,Segavin,5mg TAB
821713,Septadine antiseptic,Septadine antiseptic,OIN
715190,Sereflo 25/125 hfa 120 dose,Sereflo 25/125 hfa 120 dose,INH
721413,Sereflo 25/125 hfa synchrobreathe 120 dose,Sereflo 25/125 hfa synchrobreathe 120 dose,INH
715191,Sereflo 25/250 hfa 120 dose,Sereflo 25/250 hfa 120 dose,INH
721414,Sereflo 25/250 hfa synchrobreathe 120 dose,Sereflo 25/250 hfa synchrobreathe 120 dose,INH
715189,Sereflo 25/50 hfa 120 dose,Sereflo 25/50 hfa 120 dose,INH
721412,Sereflo 25/50 hfa synchrobreathe 120 dose,Sereflo 25/50 hfa synchrobreathe 120 dose,INH
3003304,Sereflo dpi 50/100 60 dose,Sereflo dpi 50/100 60 dose,ACC
3003305,Sereflo dpi 50/250 60 dose,Sereflo dpi 50/250 60 dose,ACC
3006972,Sereflo dpi 50/500 60 dose,Sereflo dpi 50/500 60 dose,ACC
3000451,Serinem,Serinem,100mg TAB
3000452,Serinem,Serinem,200mg TAB
3000448,Serinem,Serinem,25mg TAB
3000449,Serinem,Serinem,50mg TAB
3004660,Simbrinza 5ml,Simbrinza 5ml,OPD
705281,Simcard,Simcard,10mg TAB
705282,Simcard,Simcard,20mg TAB
822744,Sinuend,Sinuend,TAB
797618,Sinustat,Sinustat,CAP
868078,Soflax,Soflax,"13,5mg TAB"
704642,Soluspirin (was aspirin soluble),Soluspirin (was aspirin soluble),300mg EFT
3004522,Sopilcin concentrate for infusion vial 10ml,Sopilcin concentrate for infusion vial 10ml,20mg/10mL INF
828009,Sotahexal,Sotahexal,160mg TAB
827991,Sotahexal,Sotahexal,80mg TAB
765538,Spasmogel,Spasmogel,SUS
834440,Spectrapain forte,Spectrapain forte,TAB
765910,Spiractin,Spiractin,25mg TAB
3006317,Spirodisc 50/100 60 dose,Spirodisc 50/100 60 dose,ACC
3006319,Spirodisc 50/250 60 dose,Spirodisc 50/250 60 dose,ACC
3006320,Spirodisc 50/500 60 dose,Spirodisc 50/500 60 dose,ACC
718478,Sprycel,Sprycel,100mg TAB
711443,Sprycel,Sprycel,70mg TAB
711442,Sprycel,Sprycel,50mg TAB
711441,Sprycel,Sprycel,20mg TAB
894605,Stop allerg 13.5ml,Stop allerg 13.5ml,OPD
715720,Stradexa,Stradexa,1mg TAB
719927,Sunmatin,Sunmatin,400mg TAB
710182,Sutent,Sutent,50mg CAP
710181,Sutent,Sutent,25mg CAP
710179,Sutent,Sutent,"12,5mg CAP"
700500,Symadin,Symadin,100mg CAP
705984,Symbicord 320/9mcg per inhalation 60dose,Symbicord 320/9mcg per inhalation 60dose,TBH
700173,Symbicord turboh 120dose 160mcg/4.5mcg,Symbicord turboh 120dose 160mcg/4.5mcg,TBH
700172,Symbicord turbohaler 60dose 160mcg/4.5mcg,Symbicord turbohaler 60dose 160mcg/4.5mcg,TBH
3006456,Synglutra 10/1000,Synglutra 10/1000,SRT
813915,Tambocor,Tambocor,100mg TAB
717802,Tambocor cr,Tambocor cr,100mg SRC
717803,Tambocor cr,Tambocor cr,200mg SRC
723749,Tamoltra 37.5mg/325mg,Tamoltra 37.5mg/325mg,TAB
705417,Tamomilt,Tamomilt,20mg TAB
712610,Tamoplex,Tamoplex,20mg TAB
710403,Tamoxihexal,Tamoxihexal,20mg TAB
706713,Tamsul sr,Tamsul sr,"0,4mg SRC"
721515,Targinact 10mg/5mg,Targinact 10mg/5mg,SRT
721516,Targinact 20mg/10mg,Targinact 20mg/10mg,SRT
721517,Targinact 40mg/20mg,Targinact 40mg/20mg,SRT
721509,Targinact 5mg/2.5mg,Targinact 5mg/2.5mg,SRT
3002048,Tarito 300mg/100mg,Tarito 300mg/100mg,TAB
3002817,Tarpib,Tarpib,150mg TAB
3002816,Tarpib,Tarpib,100mg TAB
3002811,Tarpib,Tarpib,25mg TAB
722149,Tasdiam,Tasdiam,150mg TAB
3006496,Tazatred,Tazatred,100mg TAB
3006484,Tazatred,Tazatred,70mg TAB
3006478,Tazatred,Tazatred,50mg TAB
779652,Tegretol cr,Tegretol cr,200mg SRT
779660,Tegretol cr,Tegretol cr,400mg SRT
3000571,Telatri,Telatri,TAB
3004888,Telpres,Telpres,40mg TAB
3004889,Telpres,Telpres,80mg TAB
3000422,Telpres plus 40mg/12.5mg,Telpres plus 40mg/12.5mg,TAB
3000423,Telpres plus 80mg/12.5mg,Telpres plus 80mg/12.5mg,TAB
783072,Temgesic sublingual,Temgesic sublingual,"0,2mg TAB"
718098,Temintas,Temintas,250mg CAP
718097,Temintas,Temintas,100mg CAP
718096,Temintas,Temintas,20mg CAP
718095,Temintas,Temintas,5mg CAP
867853,Tenezil,Tenezil,10mg TAB
867861,Tenezil,Tenezil,20mg TAB
705873,Tenopress,Tenopress,100mg TAB
705874,Tenopress,Tenopress,50mg TAB
3005468,Tensoforj 10/160,Tensoforj 10/160,TAB
3005467,Tensoforj 5/160,Tensoforj 5/160,TAB
3007327,Teprilam 10/10,Teprilam 10/10,TAB
3007326,Teprilam 10/5,Teprilam 10/5,TAB
3007325,Teprilam 5/10,Teprilam 5/10,TAB
3007051,Teprilam 5/5,Teprilam 5/5,TAB
3002420,Terlot,Terlot,150mg TAB
3002419,Terlot,Terlot,100mg TAB
3007584,Teronred,Teronred,500mg TAB
3002439,Teronred,Teronred,250mg TAB
3006580,Tesamolot 40/10,Tesamolot 40/10,TAB
3006579,Tesamolot 40/5,Tesamolot 40/5,TAB
3006582,Tesamolot 80/10,Tesamolot 80/10,TAB
3006581,Tesamolot 80/5,Tesamolot 80/5,TAB
3003570,Tesar co 40mg/12.5mg,Tesar co 40mg/12.5mg,TAB
3003582,Tesar co 80mg/12.5mg,Tesar co 80mg/12.5mg,TAB
3007578,Tesdyn 40/10 mg,Tesdyn 40/10 mg,TAB
3007577,Tesdyn 40/5 mg,Tesdyn 40/5 mg,TAB
3007580,Tesdyn 80/10 mg,Tesdyn 80/10 mg,TAB
3007579,Tesdyn 80/5 mg,Tesdyn 80/5 mg,TAB
3005681,Tesminol,Tesminol,40mg TAB
3005682,Tesminol,Tesminol,80mg TAB
1112071,Test strip glucocheck connekt,Test strip glucocheck connekt,ZZZ
3007524,Tetrilune,Tetrilune,TAB
710286,Teva carbi-levo 25/100,Teva carbi-levo 25/100,TAB
710468,Teva carbi-levo 25/250,Teva carbi-levo 25/250,TAB
770388,Theophen,Theophen,SYR
710080,Thromboreductin,Thromboreductin,"0,5mg CAP"
3004439,Thryve,Thryve,10mg TAB
3004438,Thryve,Thryve,5mg TAB
3003653,Ticarda,Ticarda,40mg TAB
3003655,Ticarda,Ticarda,80mg TAB
3003656,Ticarda plus 40mg/12.5mg,Ticarda plus 40mg/12.5mg,TAB
3003657,Ticarda plus 80mg/12.5mg,Ticarda plus 80mg/12.5mg,TAB
770841,Timoptol 5ml,Timoptol 5ml,"0,5% OPD"
819824,Timoptol-xe 2.5ml,Timoptol-xe 2.5ml,"0,5% OPD"
3007059,Timpromat 3ml,Timpromat 3ml,OPD
785962,Timucen,Timucen,250mg TAB
3003905,Tiotor 30 inh capsules with zelphir inhaler,Tiotor 30 inh capsules with zelphir inhaler,KIT
3005701,Tisumor,Tisumor,50mg CAP
3005699,Tisumor,Tisumor,25mg CAP
3005698,Tisumor,Tisumor,"12,5mg CAP"
833037,Topivate,Topivate,"0,1% CRE"
708391,Toplep,Toplep,100mg TAB
708392,Toplep,Toplep,200mg TAB
708390,Toplep,Toplep,50mg TAB
716547,Topraz,Topraz,10mg TAB
716544,Topraz,Topraz,4mg CHU
716546,Topraz,Topraz,5mg CHU
3005106,Torquit,Torquit,100mg TAB
3005107,Torquit,Torquit,200mg TAB
3005105,Torquit,Torquit,25mg TAB
3005108,Torquit,Torquit,300mg TAB
703993,Tralidep,Tralidep,100mg TAB
703992,Tralidep,Tralidep,50mg TAB
3006155,Co 37.5mg/325mg,Tramaspen co 37.5mg/325mg,TAB
707365,Tramazac,Tramazac,100mg/2mL INJ
706475,Tramazac,Tramazac,50mg CAP
3006045,Trapacetol 37.5mg/325mg,Trapacetol 37.5mg/325mg,TAB
3002658,Vial Powder For Recon With Diluent,Trastuzumab cipla vial powder for recon with diluent,440mg INF
702534,Travatan 2.5ml,Travatan 2.5ml,"0,004% OPD"
3002446,Tremistan plus 40mg/12.5mg,Tremistan plus 40mg/12.5mg,TAB
3001913,Tremistan plus 80mg/12.5mg,Tremistan plus 80mg/12.5mg,TAB
721430,Trenvir,Trenvir,TAB
772003,Trepiline,Trepiline,10mg TAB
3003940,Trexeva plus 5mg/1.25mg,Trexeva plus 5mg/1.25mg,TAB
772216,Trichazole,Trichazole,200mg TAB
3006937,Trilef,Trilef,TAB
3008160,Trinprin,Trinprin,100mg ECT
3006556,Triovir,Triovir,TAB
723032,Triplixam 10/2.5/10mg,Triplixam 10/2.5/10mg,TAB
723033,Triplixam 10/2.5/5mg,Triplixam 10/2.5/5mg,TAB
723034,Triplixam 5/1.25/10mg,Triplixam 5/1.25/10mg,TAB
723031,Triplixam 5/1.25/5mg,Triplixam 5/1.25/5mg,TAB
3001233,Triploco,Triploco,TAB
3005329,Triveram 10mg/5mg/5mg,Triveram 10mg/5mg/5mg,TAB
3005332,Triveram 20mg/10mg/10mg,Triveram 20mg/10mg/10mg,TAB
3005331,Triveram 20mg/10mg/5mg,Triveram 20mg/10mg/5mg,TAB
3005330,Triveram 20mg/5mg/5mg,Triveram 20mg/5mg/5mg,TAB
3005333,Triveram 40mg/10mg/10mg,Triveram 40mg/10mg/10mg,TAB
715609,Trixazole,Trixazole,480mg TAB
3005389,Trobet,Trobet,150mg TAB
3005399,Trobet,Trobet,300mg TAB
818267,Trolic,Trolic,5mg TAB
3002126,Tronson solution for injection vial,Tronson solution for injection vial,250mcg/5mL INJ
819832,Trusopt 5ml owi,Trusopt 5ml owi,0.02 OPD
723867,Ultibro breezhaler (30 caps & inhaler device),Ultibro breezhaler (30 caps & inhaler device),KIT
718911,Ultipot,Ultipot,600mg SRT
3000184,Urodoxa,Urodoxa,4mg TAB
3000683,Valduo 10mg/160mg,Valduo 10mg/160mg,TAB
3000682,Valduo 5mg/160mg,Valduo 5mg/160mg,TAB
720026,Valeptic cr,Valeptic cr,300mg SRT
720027,Valeptic cr,Valeptic cr,500mg SRT
3007767,Valheft co 160/12.5,Valheft co 160/12.5,TAB
3007768,Valheft co 160/25,Valheft co 160/25,TAB
3004050,Valoma powder for solution for injection vial,Valoma powder for solution for injection vial,"3,5mg INJ"
3006362,Valoma powder for solution for injection vial,Valoma powder for solution for injection vial,1mg INJ
3006514,Valtib 2.5 solution for injection 2ml vial,Valtib 2.5 solution for injection 2ml vial,"2,5mg/1mL INJ"
3006322,Valtib 3.5 solution for injection 2ml vial,Valtib 3.5 solution for injection 2ml vial,"3,5mg/1,4mL INJ"
722781,Valtib powder for injection vial,Valtib powder for injection vial,"3,5mg INJ"
3003579,Valtib powder for solution for injection vial,Valtib powder for solution for injection vial,1mg INJ
3003281,Valvasc 10/160,Valvasc 10/160,TAB
3003280,Valvasc 5/160,Valvasc 5/160,TAB
720219,Vannair 160/4.5mcg per inhalation 120 dose,Vannair 160/4.5mcg per inhalation 120 dose,INH
720218,Vannair 80/4.5mcg per inhalation 120 dose,Vannair 80/4.5mcg per inhalation 120 dose,INH
3006409,Vasloc,Vasloc,10mg TAB
3006408,Vasloc,Vasloc,5mg TAB
3005418,Vasmak,Vasmak,10mg TAB
3005419,Vasmak,Vasmak,20mg TAB
3005420,Vasmak,Vasmak,40mg TAB
3005421,Vasmak,Vasmak,80mg TAB
3000431,Vativio,Vativio,400mg TAB
3006517,Vativio fc,Vativio fc,100mg TAB
3000826,Vaxigrip tetra single dose 0.5ml pre-filled syringe,Vaxigrip tetra single dose 0.5ml pre-filled syringe,VAC
710298,Vectoryl plus 4mg/1.25mg,Vectoryl plus 4mg/1.25mg,TAB
3005150,Veikirin,Veikirin,25mg TAB
706404,Venlor XR,Venlor XR,150mg SRC
706402,Venlor XR,Venlor XR,75mg SRC
706399,Venlor XR,Venlor XR,"37,5mg SRC"
720723,Ventimax cfc free 200 dose,Ventimax cfc free 200 dose,100mcg INH
700071,Verahexal 240 sr,Verahexal 240 sr,240mg SRT
3002799,Vexabax 600mg/300mg,Vexabax 600mg/300mg,TAB
3005211,Vexfan concentrate for solution for infusion vial 10ml,Vexfan concentrate for solution for infusion vial 10ml,6mg/1mL INF
3005275,Vexicop,Vexicop,100mg CAP
3005276,Vexicop,Vexicop,200mg CAP
712413,Vidaza powder for reconstitution vial 4ml,Vidaza powder for reconstitution vial 4ml,100mg INJ
3005171,Vidoteg,Vidoteg,50mg TAB
710604,Viropon,Viropon,50mg/5mL SUS
3006401,Virulate 600mg/300mg,Virulate 600mg/300mg,TAB
711532,Vomiz,Vomiz,8mg TAB
711531,Vomiz,Vomiz,4mg TAB
3007233,Vunad,Vunad,400mg TAB
3007234,Vunad,Vunad,800mg TAB
3006583,Vyzulta 5ml,Vyzulta 5ml,"0,24mg/1mL OPD"
845698,Wormstop,Wormstop,100mg/5mL SUS
870072,Xeloda 150,Xeloda 150,150mg TAB
870080,Xeloda 500,Xeloda 500,500mg TAB
824682,Xeramel,Xeramel,250mg CAP
823570,Xeramel s,Xeramel s,125mg/5mL SUS
848409,Xeramel sf,Xeramel sf,250mg/5mL SUS
3000513,Zaario,Zaario,100mg TAB
3000512,Zaario,Zaario,50mg TAB
708395,Zaloxy,Zaloxy,250mg/5mL SUS
708396,Zaloxy,Zaloxy,125mg/5mL SUS
709964,Zartan,Zartan,100mg TAB
709225,Zartan,Zartan,50mg TAB
716217,Zartan co 100mg/25mg,Zartan co 100mg/25mg,TAB
716216,Zartan co 50mg/12.5mg,Zartan co 50mg/12.5mg,TAB
3002269,Zatonav 300mg/100mg,Zatonav 300mg/100mg,TAB
703220,Zecarb,Zecarb,200mg TAB
715962,Zeptol,Zeptol,200mg TAB
3006755,Ziextenzo prefilled syringe 0.6ml,Ziextenzo prefilled syringe 0.6ml,"6mg/0,6mL INJ"
3000378,Zimbiquet,Zimbiquet,100mg TAB
3000379,Zimbiquet,Zimbiquet,200mg TAB
3000339,Zimbiquet,Zimbiquet,25mg TAB
3000380,Zimbiquet,Zimbiquet,300mg TAB
3003748,Zimbus breezhaler 150/50/160 (30 caps & inhaler device),Zimbus breezhaler 150/50/160 (30 caps & inhaler device),KIT
3003749,Zimbus breezhaler 150/50/80 (30 caps & inhaler device),Zimbus breezhaler 150/50/80 (30 caps & inhaler device),KIT
720664,Zinallerg,Zinallerg,10mg TAB
703531,Zinc ointment bp,Zinc ointment bp,OIN
3005307,Zipsid,Zipsid,20mg CAP
3005308,Zipsid,Zipsid,40mg CAP
3005309,Zipsid,Zipsid,60mg CAP
3005310,Zipsid,Zipsid,80mg CAP
3003355,Zithract,Zithract,500mg TAB
721677,Zithrolide,Zithrolide,500mg TAB
715952,Zobone powder for solution vial,Zobone powder for solution vial,4mg INF
723577,Zoclasta solution for infusion bottle 100ml,Zoclasta solution for infusion bottle 100ml,5mg/100mL INF
3003368,Zodoray,Zodoray,"0,25mcg CAP"
3003367,Zodoray,Zodoray,1mcg CAP
705945,Zofer,Zofer,8mg TAB
705944,Zofer,Zofer,4mg TAB
723747,Zolanz,Zolanz,10mg TAB
723745,Zolanz,Zolanz,5mg TAB
3006979,Concetrate For Solution 5ml Vial,Zoledronic acid fresenius concetrate for solution 5ml vial,4mg/5mL INF
3005917,Zoltero concentration for solution for infusion 5ml vial,Zoltero concentration for solution for infusion 5ml vial,4mg/5mL INF
3004451,Zomvil,Zomvil,50mg TAB
3003456,Zorikos,Zorikos,300mg TAB
3003454,Zorikos,Zorikos,100mg TAB
3004932,Zostracol,Zostracol,1mg TAB
3005616,Zothena,Zothena,8mg DSP
3005615,Zothena,Zothena,4mg DSP
711511,Zoxadon,Zoxadon,"0,5mg TAB"
711512,Zoxadon,Zoxadon,1mg TAB
711513,Zoxadon,Zoxadon,2mg TAB
721750,Zoxadon,Zoxadon,3mg TAB
721752,Zoxadon,Zoxadon,4mg TAB
3001439,Zoxadon odt,Zoxadon odt,"0,5mg MLT"
3001440,Zoxadon odt,Zoxadon odt,1mg MLT
3001441,Zoxadon odt,Zoxadon odt,2mg MLT
830739,Zoxil s,Zoxil s,125mg/5mL SUS
3002266,Zyescito,Zyescito,10mg TAB
3002267,Zyescito,Zyescito,20mg TAB
720690,Zytiga,Zytiga,250mg TAB
3004575,Zyvasc 10mg/160mg,Zyvasc 10mg/160mg,TAB
3004574,Zyvasc 5mg/160mg,Zyvasc 5mg/160mg,TAB
528031,BD micro fine plus pen needle 30g 8mm,BD micro fine plus pen needle 30g 8mm,ZZZ
528034,BD micro fine plus pen needle 31g,BD micro fine plus pen needle 31g,ZZZ
149455,BD micro fine plus pen needle 32g 4mm,BD micro fine plus pen needle 32g 4mm,ZZZ
185040,Droplet pen needle 8mm 31g,Droplet pen needle 8mm 31g,ZZZ
171566,Lancet blood collection needle loris,Lancet blood collection needle loris,ZZZ
177463,Lancet fora collection needle sterile 30g,Lancet fora collection needle sterile 30g,ZZZ
262253,Lancet fora tender needle sterile 33g,Lancet fora tender needle sterile 33g,ZZZ
405288,Lancet freestyle test,Lancet freestyle test,ZZZ
605351,Lancet glucocheck novicheck,Lancet glucocheck novicheck,ZZZ
138352,Lancet solus v2,Lancet solus v2,ZZZ
201918,Lancet unilet sterile 28g,Lancet unilet sterile 28g,ZZZ
511143,Lancet unilet sterile 4cm x 6cm x 7.5cm 28g,Lancet unilet sterile 4cm x 6cm x 7.5cm 28g,ZZZ
508771,Microlet lancet,Microlet lancet,ZZZ
458317,Needle novofine,Needle novofine,ZZZ
